review,sentiment
"very, very, slow-moving, aimless movi distressed, drift young man.",0
"sure lost - flat charact audience, near half walk out.",0
"attempt arti black & white clever camera angles, movi disappoint - becam even ridicul - act poor plot line almost non-existent.",0
littl music anyth speak of.,0
best scene movi gerardo tri find song keep run head.,1
"rest movi lack art, charm, meaning... emptiness, work guess empty.",0
wast two hours.,0
"saw movi today thought good effort, good messag kids.",1
bit predictable.,0
love cast jimmi buffet scienc teacher.,1
babi owl adorable.,1
"movi show lot florida best, made look appealing.",1
song best muppet hilarious.,1
cool.,1
"""right case"" movi deliv everyth almost right face.",1
"averag act main person, low budget clear see.",0
"review long overdue, sinc consid tale two sister singl greatest film ever made.",1
"i'll put gem movi term screenplay, cinematography, acting, post-production, editing, directing, aspect film-making.",1
"practic perfect  true masterpiec sea faux ""masterpieces.",1
"structur film easili tight construct histori cinema. 1 think film someth vital import occur everi minute. 1 words, content level film enough easili fill dozen films. 1 anyon right mind ask anyth movi this? 1 quit simpli highest, superl form cinema imaginable. 1 yes, film requir rather signific amount puzzle-solving, piec fit togeth creat beauti picture. 1 short film certain pull punches. 0 graphic far best part game. 0 number one best th game series. 1 deserv strong love. 1 insan game. 1 massiv levels, massiv unlock characters... massiv game. 1 wast money game. 1 kind money wast properly. 1 actually, graphic good time. 1 today graphic crap. 0 say canada, fun game, aye. 1 game rocks. 1 buy it, play it, enjoy it, love it. 1 pure brilliance. 1 flick doom conception. 0 idea lame - take minor charact mediocr pg-13 film, make complet non-sequel chang tone pg-rat famili movie. 0 least bit interested. 0 confirm film would unfunni generic, also manag give away entir movie; i'm exagger - everi moment, everi plot point, everi joke told trailer. 0 funny. 0 even talent carrel can't save this. 0 co-star fare much better, peopl like morgan freeman, jonah hill, ed helm wasted. 0 stori predict lazy. 0 real effect work presenc animals, integr scene worst obvious blue/green-screen work i'v ever seen. 0 whatev cost much, translat quality, that sure. 0 film succeed despite, perhap of, obvious meagr budget. 1 i'm glad film go obvious choice, lesser film certain would have. 1 addit one love song ever written, french cancan also boast one cutest lead ladi ever grace screen. 1 hard fall head-over-heel love girl. 1 negative, insipid enough caus regret anoth 2 hour life wast front screen. 0 long, whini pointless. 0 recommend wait futur efforts, let one go. 0 excel cast, stori line, performances. 1 total believable. 1 ann hech utter convincing. 1 sam shepard portray gung ho marin sobering. 1 sat rivet tv screen. 1 give one resound 9 10. 1 think tom hank good actor. 1 enjoy read book children little. 1 disappoint movie. 0 one charact total annoy voic give feel fingernail chalkboard. 0 total unnecessari train/rol coaster scene. 0 absolut warmth charm scene characters. 0 movi total grate nerves. 0 perform improv improvisation, actor twice much worri about: whether they'r deliv line well, whether line good. 0 and, quit honestly, often good. 0 often dialogu realli follow one line another, fit surroundings. 0 crackl unpredictable, youth energi - honestly, found hard follow concentr meander badly. 0 general great thing it. 1 say they'r worth 2 hour time, though. 0 suspens builder good, & cross line g pg. 1 especi like non-clich choic parents; movies, could predict dialog verbatim, write movi made better selections. 1 want movi that gross give chills, great choice. 1 alexand nevski great film. 1 amaz film artist, one import whoever lived. 1 i'm glad pretenti piec s*** plan dodg stratus big shots... gonna help movi maker restrain movi business"" québec.",0
first movi i'v given 10 years.,1
"ever movi need word-of-mouth promote, it.",1
"overall, film interest thought-provoking.",1
"plus, well-pac suit relat short run time.",1
give one look.,1
gave 10,1
wind lion well written superbl acted.,1
true classic.,1
actual turn pretti decent far b-list horror/suspens film go.,1
definit worth check out.,1
problem script.,0
horrendous.,0
noth believ all.,0
suspens feel frustrat retard girl were.,0
manna heaven terrif film predict unpredict time.,1
scene often funni occasion touch charact evalu live going.,1
cast veteran actor nostalgia trip.,1
ursula burton portray nun touch funni time make fun nun church.,1
"look movi terrif cast, good music(includ shirley jone rendit ""the way look tonight""), uplift ending, give one try.",1
think disappointed.,1
"frankly, cotton club unfaithful, kind embarrass watch lane gere film, bad.",0
"act bad, dialog extrem shallow insincere.",0
"predictable, even chick flick.",0
polit correct.,0
disappointing.,0
"thing realli worth watch sceneri house, beautiful.",1
"love lane, i'v never seen movi lousy.",0
hour half wish could bring back.,0
term write fresh bold.,1
"act help write along well (mayb idiot-sav sister could play better), real joy watch.",1
direct cinematographi quit good.,0
"movi boring, sometim found occupi peak paper instead watch (never happen columbo movi before!",0
"), sometim embarrass look away.",0
direct seem pretentious.,0
"scene ""oh-so-mature"" neighbour-girl misplace.",0
general line plot weaker averag episode.,0
"scene debat whether sack trumpet (who fals accus murder) pure horror, realli stupid.",0
"applaus given ""prelude"" however.",1
realli like that.,1
great film great director.,1
movi edg seat made somewhat afraid go car end night.,1
music film realli nice too.,1
i'd advis anyon go see it.,1
brilliant!,1
10/10,1
like movi way much.,1
problem thought actor play villain low rent michael ironside.,0
rock world certain must see anyon social physic outlets.,1
"however, make fact overall, tremend bore movie.",0
"chemistri ben affleck sandra bullock film, understand would consid even leav wife-to-b chick suppos knock by.",0
sever moment movi need excruci slow moving.,0
"poor remak ""mi best friend wedding"".",0
"all, great disappointment.",0
"cannot believ actor agre ""film"".",0
could stand even watch long fear lose i.q.,0
guess nobodi network air dribbl watch put on.,0
"imdb rate go low 1 awful, time get negat number case these.",0
"saw ""mirrormask"" last night unsatisfactori experience.",0
"unfortunately, inexperi direct meant scene scene pass littl way dramat tension conflict.",0
"central theme film handl ineptly, stereotyp depth imagination.",0
pretti pictur world cannot make piec work flaw core.,0
"hour half wast time, follow bunch pretti high schooler whine cri life.",0
"can't relat them, hell bare understand them.",0
definit cult classic well worth view share others.,1
"movi pure disaster, stori stupid edit worst seen, confus incredibly.",0
fish bad made underwat shot repeat thousand time film.,0
"truly, truli bad film.",0
"act terrible, write worse.",0
possibl way movi could redeem would mst3k fodder.,0
paid much.,0
"also, real treat see anthoni quinn play crazi horse.",1
boring!,0
plot whatsoever!,0
"again, plot all.",0
horrible!,0
worst hour half life!oh gosh!,0
walk theatr minut get relief!,0
hate movi like that.,0
"yeah, movi pretti much sucked.",0
plot storyline!!,0
"go see movie, bring pillow girlfriend/boyfriend keep occupi out.",0
awful.,0
think i'v ever gone movi dislik much.,0
good thing ticket cost five dollar would mad i'd paid $7.50 see crap.,0
nobodi identifi charact they'r cardboard cutout stereotyp (or predict reverse-stereotypes).,0
"bad film, bad writing, good actors....an ugli cartoon craft paul haggi peopl can't handl anyth bold stroke storytelling....a pictur paint crayons.",0
"crash depress littl nothing, provok emotion, teach noth alreadi know racism prejudic bad things.",0
"still, like movi empower women; there enough movi like one.",1
brain attempt shut-down part primal impuls self-preservation.,0
left shatter experi watch film took good two hour fulli recover.,0
movi join reveng boogeyman zombiez part hellish triniti horror films.,0
certain mean distinct good way.,0
mean terribl way.,0
film redeem features.,0
everyth appalling.,0
"artless camera-work endless present us ugliest set imaginable, i.e.",0
stori beyond stupid.,0
script script?,0
kid annoying.,0
lead man charisma-free.,0
"utter without merit level, akin torture.",0
i'll even say  torture.,0
mayb would reason explan atrocity.,0
pleasant voyag self-discovery.,0
high unrecommended.,0
"premis sound stupid, that is.",0
"yes, bad.",0
noth recommend.,0
excel perform ms.,1
"garbo, show right bat talent could carri silent era (i want see silent work, netflix seem stock them.",1
also great see renown silent screenwrit franc marion miss step go silent sound.,1
"movi suffer writing, need suspense.",0
mani close ups.,0
movi seem drag hero realli work freedom.,0
movi definit averag rent.,0
"love it! 1 movi bad. 0 bad. 0 film way long. 0 definit one bad ones. 0 movi receiv great qualiti film age. 1 john wayn incred job young movi industry. 1 screen presenc shine thought even though senior actor screen him. 1 think must see older john wayn film. 1 realli see anyon could enjoy movie. 0 think i'v ever seen movi half bore self-indulg piec junk. 0 probabl would better director spent movi showcas art work, realli noteworthy. 0 anoth thing realli like charact got punch face, gallon blood would spew forth soon after. 0 jami foxx absolut ray charles. 1 perform simpli genius. 1 own film, spacek own coal miner daughter"" quaid own ""great ball fire.",1
"fact, hard rememb part ray charl acted, play man himself. 1 ray charl legendary. 1 ray charl life provid excel biograph materi film, goe well beyond anoth movi musician. 1 hitchcock great director. 1 iron most find film total wast time watch. 0 secondly, hitchcock pretti much perfect thriller chase movie. 1 pander audienc sabotag films. 0 henc whole stori lack certain energy. 0 plot simpli rumbl like machine, desper depend addit new scenes. 0 usual hitchcock logic flaws. 0 mishima extrem uninteresting. 0 chilly, unremark movi author living/work chilli abstrus culture. 0 flat reenact hold attent emot adrift stagy. 0 rest sit awful... soldier sing song masculin pledg to, hairsplit purity, admir swords, etc. 0 bore pieces, kill momentum movie, quicker anyon else. 0 schrader made resum full lousy, amateurish films. 0 first watch movie, 80s, love it. 1 total fascin music, dancing... everything. 1 however, recent watch whole thing dvd, complet struck extrem stupid storylin - contain holes, inconsist - frank - whole lot crap - horrid danc was. 0 mean, realist world, would never gotten ballet repertory... whole thing quit pathetic. 0 charact develop also lack depth. 0 woa, talk awful. 0 wast time. 0 horrible. 0 worst, sappiest dialogue... could go on. 0 realli made unwatch direction. 0 poor actors. 0 can't even tell talent pathet line speak director gave action. 0 check director filmographi site see film chance. 0 would even good made tv flick. 0 good intent made film great, film might one greatest film ever made. 1 film great actors, master director, signific theme--at least would-b signific theme, underton fifti existenti world-weariness, aerial scene ought thrill sens imagination, charact one might deepli care. 1 regrettably, film fails. 0 movi lack visual interest, drama, express feeling, celebr patriot underlin narrative. 0 actress wors use june allison movie. 0 yet, enjoy watch it. 1 unfortunately, bad movi plain bad. 0 bad script, bad direct horribl act make one plain bad! 0 dialogu sucked. 0 cinematography-if call that-sucked. 0 soundtrack sucked. 0 act sucked. 0 concert sequenc sucked. 0 nice. 1 funny. 1 funny. 1 overall, movi cheap trash. 0 movi funny, consid ridicul it. 0 came feel angry. 0 ***spoilers*** whatev els (or can't) said it, surfac superbl crafted. 1 cinematographi simpli stun (to say least) fx noth state-of-the-art. 1 conceptually, show offer littl bit everything- everybodi (parents, kids, fantasi and/or fx fans). 1 singl sour note struck acting-wise, either; surpris solid casting, here. 1 thing considered, job well done. 1 thank good movi like done released. 1 one best mexican movi ever!, one less understood, even mexican themselves, matter identifi felt it. 1 rank high great noir-crime-drama, incred perform belmondo lino ventura. 1 attent given everi character, complex psycholog portrayals, detail loyalty, treachery, love, hope, tremendous. 1 excel drama, excel thriller, excel film. 1 best melville. 1 everyth film simpli incredible. 1 truli take journey eye soul child. 1 black water thriller manag complet transcend limit (it indi flick) continu subvert expect emerg intens experience. 1 perform real gripping, crocdodil extrem well done, inde black water websit believ that use real croc swamp locat fabulous. 1 thorough enjoy christoph eccleston took control tardi continu series. 1 i'm sure tri film. 0 turn good day feel night disturb memori guess succeeded. 0 lot beauti places. 1 forced, like everyth movie. 0 again, lame. 0 here movi realli pi** off. 0 even get start jerki camerawork. 0 saw theater thought go sick. 0 summary: wittic witty. 0 plot - well, said i'd let one go. 0 act bad. 0 realli bad. 0 even billi bob rise script, worse. 0 camerawork - again, bad. 0 rating: 1 10. 0 amaz final possibl best trilog time! 1 kieslowski never ceas amaz me. 1 one favourit directors, one talent director histori cinema. 1 use colour french flag three film noth short incredible, everi shot, everi scene like work art. 1 three visual appeal movi i'v ever seen. 1 subtl connect three film awesome. 1 mention huge spoiler, love ending, charact three film remain survivor ferri disaster, valentin young judg together, old man watch tv, solidifi happi suffer dealt mani years. 1 think better way end film, smile face, great way wrap amaz film trilogy! 1 recommend everyon love film, movies, anything...a work art! 1 10 10 movi trilogy. 1 liter vomit watch film. 0 think one peopl found anoth one roth pearls. 1 performance, awarded, stunning. 1 stori told eloqu franci ford coppola 25 year earlier, realli unfold gradual leav room charact develop. 1 wonder locat lie stori contrast. 1 beauti direct film nicola roeg wih sublim cast. 1 i'm translat movi live first movi 5-year work experi found offens intelligence. 0 someon strive great poetry, deliv muddl (and often ridiculous) story, bunch dispar scenes, pretenti dialogue... get worst kind movi review accur defin pretenti crap"".",0
"find movi intellig even masterful, say - intellig imagin obvious use tri make sens piti attempt (it human natur tri make sens things) .",0
"one thing: toler polit incorrect well, i'm artist freedom suspens disbelief, slavic femal charact much.",0
fun funni movie.,1
high entertain angles.,1
"featur outlandish array memorable, psychot lovabl nuts.",1
"enjoy get see run around, play games, dangerous.",1
even sweet moments.,1
telephon repair man realli funni reaction nut bitchi boss truli genuine.,1
charact film tremend well played.,1
realli find funny.,1
actual smart movie.,1
brilliant twist ending.,1
"love it. 1 end so, perfect... shed tear. 1 thrill see movi like this. 1 never forget now. 1 cult... cult classic. 1 depth charact man underneath it. 0 malta set dri barren dialogue. 0 movi terrible. 0 hockey scene terrible, defensemen play like they'r 5 year old, goali dive shot 10 feet wide net, etc. 0 seen it, wast time! 0 call movi drama ridiculous! 0 start watch believ characters. 0 particular relationship bakeri assist waitress work all. 0 superfici movi gave feel watch play rather film. 0 charact stagey storylin lot like stage farce. 0 time pyromaniac waylaid assist bore care happen next switch off. 0 glad pay see it. 0 laugh even smile once. 0 anyth one big yawn... 0 realli good show watch. 1 educ children 1 8 year old. 1 barney definit super de duper. 1 pretti funny. 1 babi bop cute. 1 kid cool too. 1 ""storm trooper"" even bad enough make list wonder terribl movies.",0
lame.,0
guy said he better dialogu pot plant right.,0
everyth movi stupid.,0
"even love bad movies, watch movie.",0
shameful.,0
would give televis seri 10 plus could.,1
"writer ""smack on"" think best actor actress bonus show.thes charact real.",1
must say tape episod find watch again.,1
know gave 10+!,1
"know exact movie, latch endear movi becom special part famili memories.",1
total absolut recommend movi anyon like good wholesom famili movi exact is.,1
thing four kid get absolut hilari watch.,1
one best movi show strong sibl bond other.,1
"much interesting, action, suspense, less unneed controversy.",1
everyth act cinematographi solid.,1
definit worth check out.,1
damian talent versatil mani way write portray differ charact screen.,1
movi cut edg it.,1
"pleas know modern day genius , let passion art drive take us audienc him.",1
"new charact memorable, found forget who.",0
felt though go ireland absolut noth whatsoever.,0
"make scared, horrified, make sympathet toward characters; simpli annoying.",0
jerki camera movement also annoying.,0
plot pretti much everi cheap horror.,0
"pathet attempt give charact depth, realli work rest plot.",0
"guess suppos clever twist, shed light situation, stupid.",0
"see it, probabl leav shelf.",0
"elia koteas,jack palanc play good role angelina hot get naked.billi drago appear cool usual + cameo sven ole thorsen help make enjoy movi good act decent budget.",1
awesom movi bought ebay.,1
"realli love stori line poler bear kinda cute.but anyon question fort steele, ask away:)",1
total unfunni movi top pathet unrealist throughout whole 90 minut utter tortur probabl look watch 70000 times!,0
luci bell much higher crap sink low quit depressing.,0
movi make sick watch slacker make excus stupid action 90 minutes.,0
"god, never get 90 minut back!",0
"think wonder part (literally, full ""wonder"") excerpt works.",1
"set (especi design work camera) amazing....stylized, beauti effective.",1
could use exemplar set designer.,1
stori power explor natur man art.,1
"watch film, want learn work artist.",1
"high recommend movi anyon interest art, poetry, theater, politics, japanes history.",1
"here, wind lion, see wonder render america imperi age.",1
") make stori differ terrif product valu - faultless photography, composit edit - terrif cast - underappreci brian keith play bulli teddi - vivid history.",1
"though wind lion told larg eye son, everi member famili identifi one characters, whether sean conneri nobl brigand, candac bergen feisti heroine, john huston wili john hay steve kanali spiffy, radiant, ruthless can-do lieutenant, roosevelt ""big stick"".",1
high adventur best.,1
"think robert ryan best film, portray someon like father, schizophren real life,(mi father) although never murder anyon affect second world war made worse.",1
humour get get day apt.,1
"(mi mother brother this)when saw robert ryan portray type man, good imit type individual, impressed.",1
almost song cover girl old-fashion tuneful.,0
annoy thing cover girl way rita hayworth put pedestal.,0
"unfortunately, cover girl exampl hollywood use exploit women financi gain.",0
non-linear narrat thus mani flashback everi part articul quit well.,1
good cinematographi also make monica bellucci look beautiful.,1
good commentari today love undoubt film worth seeing.,1
"peopl first timer film making, think excel job!!",1
"popular cinema, good hous good reaction plenti laughs.",1
feel-good film that felt came cinema!,1
northern humour posit communiti represents.,1
rather enjoy it.,1
like it.,1
take seriously.,0
realli creat uniqu feel though.,1
vivian schill excel job script.,1
world better 95% garbag theatr today.,1
role play well.,1
screami masculin right.,1
camera realli like movie.,1
would cast role readi script.,1
"european, movi nice throwback time student 1980 experi live abroad interact nationalities, although circumst slight different.",1
fan ... movi suck realli bad.,0
even wors ticker!,0
& movi bad.,0
"like 3 4 build used, coupl locat maybe, & poor hummh!",0
blew.,0
"movi excellent!angel beauti scamp adorable!hi littl yelp hes scared,and funniest part when:scamp caught curtain angel scamp sing ive never feel before'.i total recommend movie,it come special edit june 20.the cover scamp garbag angel underneath lid.",1
"cant explain movi romantic,charming,hilarious,and adorable.th junkyard scene funny,al junkyard dog someth special.too funni laughed,kid love it.buy come out,it new features!",1
chosen tortur disgust piec blatant american propaganda.,0
show made american - stupid full hatr cliché admit elsewhere.,0
"almost everyon involv must return school, act utter predict bad, script pile garbag round.",0
"wish could enter negat values, admins?",0
"set bad, look place thunderbird episode.",0
"use slow-mot needless repeat throughout movi well back bad act (and bad kind word here), continuity, scene thrown reason whatsoever, vehicl look like made corn flake box directori style border stupidity.",0
"oh yeah, storylin pathet too.",0
hate write bad review film - especi realli like star - film bad believ one second anyon could proud it.,0
filmmak director would hide head sand i'd spent whatev amount money time movie.,0
short - monument wast time energi would recommend anyon ever see film.,0
came free dvd player bought still turn thing halfway embarrass howell.,0
1/10 - set 0/10.,0
"interest premise, billi drago alway good danger nut-bag (side note: i'd love see drago, stephen mchatti lanc hendrikson flick together; talk rage cheekbones!).",1
"soundtrack terrible, either.",1
"acting--even profession drago debbi rochon--wa terrible, direct wors (perhap contributori former), dialog chimp-like, camera work, bare tolerable.",0
"still, set got big ""10"" ""oy-vey"" scale.",1
"yes, simplifi thing sake brevity, realli core problem film - much go without real, fulfil explanation.",0
good job quit amusing.,1
"convolut plot convinc me, much film watch weird, question glance.",0
"let girlfriend talk see - bad idea, hate it.",0
last 15 minut movi also bad well.,1
"bela lugosi total extraneous, inton odd lines.",0
"act decid wooden, though wors period univers b movie.",0
"like armand assant & cabl compani summari sound interesting, watch it, twice already, probabl again.",1
believ screenwrit good job tie loos ends.,1
8/10 score most plot.,1
"say - like spoilers, want one, believ film worth time.",1
"wow, bad film.",0
"frighten least, bare comprehensible.",0
"plot hang togeth all, act absolut appalling.",0
even good camp value!,0
"expect oscar material, this?",0
iq particular stupid mollusk see one coming.,0
film (and use word loosely) insult movie-go public.,0
someon involv knew string togeth narrative!,0
"get 1 10, simpli there noth lower.",0
"one have, watch recent fox movi channel, disappointed.",0
"know contract player littl control scripts, act bad script.",0
"victor mclaglen even bad, brian donlevi almost unrecognizable.",0
"consid relat screen taylor stanwyck, surpris littl chemistri screen two them.",0
premis film ridiculous: presid u.s.,0
death row scene entir unmoving.,0
thing wors taylor act stanwyck singing.,0
"whatev produc go for, miss entirely.",0
deepli impress charact played.,1
knew saw film great thing come gift actor.,1
"cheap cheerless heist movi poor characterisation, lot underbit style stoic emot (think chow yun fat better tomorrow) cheesi cliché thrown abandon factori readi poor execut fli judo roll la john woo.",0
even squib look awful.,0
point proceed look remot like america.,0
"plot, is, deriv predict end like merci killing.",0
aw dialogu hopeless overact everyon get shot top real wast space time.,0
"uneasi bad movi was, scare all.",0
dialogu compos thing make littl sense.,0
"30 minut footag wast show mediocr elder actor awkward babbl overwrought pseudo-satan gibberish corni enough make teen goth blush, almost alway old english, sometim latin may may made words.",0
direct sloppi best.,0
"hackney writing, certainly, made even wors bad directing.",0
"course, act blah.",0
act whole cast could put scale balanc perfect overact underacting.,0
"and, finally, that, get end would'v great handl compet peopl jerri falwell.",0
"love movi great portray famili share up down, end knew special love other.",1
"seen mani movi star jaclyn smith, god one best, though came 12 year ago.",1
"movi contain all-star cast, love open eye see actor seen before.",1
"movi kind long length, enjoy everi minut it.",1
overal rate movi 10 1-10 scale.,1
"lifetim air enough, anyon know store sell let know must-have.",1
"particular rememb sens assault strident cord music would blare littl warning, even less meaning.",0
sort pap screen afternoon punish unemploy jobs.,0
"total different, load understat black comedy, film get see, rememb it.",1
"movi creat universe, fascin everi way.",1
movi realli got me.,1
see it.,1
"realli hope team behind movi make movies, continu own, kinda weird style.",1
"forgot: cast superb, trond fausa aurvåg perfect role bothersom man, understand is, why.",1
movi good humor comment life 2006.,1
"found move beautiful, enjoyable, uplifting.",1
"initi local site film, film buffalo, intrigu me.",1
later found lost power film.,1
entir audienc applaud conclus film.,1
"left theater lilt step, joy heart hope human race.",1
duri wholesom appear give fine performance.,1
rest cast also play well.,1
cinematographi noteworthi includ fine view barcelona fame gaudi towers.,1
ten minut film start second thoughts.,0
half way film start dislik it.,0
"time film ended, dislik it, despis it.",0
film lack convinc script.,0
script look rough draft written shoot began finish script completed.,0
"thing happen, charact person change, plot twist occur real reason script call it.",0
cast good.,1
"that, worth check out.",1
probabl irrit show ever seen entir life.,0
indescrib annoy idiot show ever seen.,0
everyth bad.,0
"could understand, kind idiot would produc mess first place mention sever season.",0
"script bad, bad  contain cheesi uneth joke normal see rate r nc-17 movie.",0
"cast also horrible, caus see realli realli bad actors, period.",0
final word: show real torture!!,0
zillion time away reality.,0
watch wash machin twirl around hurt eye much show.,0
rating: 0/10 (grade: z) note: show bad even mother cast pull daughter show.,0
20th centuri fox road hous 1948) quit silli noir implaus unmitig bore movie.,0
"full unconvinc cardboard charact bland written edward chodorov, also produced, surpris direct jean negulesco one would expect great deal more.",0
widmark charact turn unintent comical!,0
lose marbl earli proceed total implaus unconvincing.,0
enough mess movi - pictur also mar constant use studio set indoor exteriors.,0
whatev prompt documentari beyond me!,0
(veri serious spoilers) movi huge disappointment.,0
mani problem dont know start.,0
cast great.,1
"steve martin deliv realli funni perform middle-aged, upper class, uptight white guy.",1
add betti white jean smart great cast - everyon play part realli well.,1
movi make lot serious mistakes.,0
"first all, enough racial stereotyp racial joke offend everyone.",0
movi litter overt racial slur toward black cast member return white depict moron boobs.,0
"put race card aside, let look major flaw film: destroy latifa character.",0
real plot.,0
wouldnt see movi free.,0
steamboat willi amaz import film cinema history.,1
second appear mickey mous (follow silent plane crazi earlier year) probabl famous film--most ground-breaking.,1
"yet hear mickey speak, ton sound effect music throughout film--someth take grant huge crowd pleaser 1928.",1
"however, see short 25 years, amaz timeless film actual is.",1
"ador see mickey play ""turkey straw"" high imagin (if occasion cruel) way.",1
clever real crowd-pleaser--thi film still rank among mickey best film even 80 wonder years.,1
"bipolar ruthless thug (one minut ruthless killer, next minut luv diaper commercial) complet unconvincing.",0
"i'm terribl disappoint film would receiv mani award accolades, especi far deserv work film there.",0
origin bodi soul (1947) masterpiece.,1
"john garfield, ann revere, lilli plmer, william conrad, canada lee...and film one greatest cinematograph ever grace screen..jam wong howe.",1
think redeem qualiti remake.,0
may bad film ever made.,0
bad...well...it bad.,0
"movi solid exampl bad plot very, bad idea way.",0
shame see good actor like thomerson jame make live mess like this.,0
thought bad.,0
"film terrible, credit 1986 version, watchable.",0
"let start problemsth acting, especi lead professor, very, bad.",0
script big flaw mess.,0
best exampl dumb write establish turn zombie-stud back human remov necklac contain piec meteorite.,0
"director paul matthews, also wrote/direct weak 1995 monster movi ""grim"", clear know pace films.",0
movi terribl bore places.,0
light awful.,0
film look cheap bland.,0
one disappoint aspect lack notabl gore.,0
"convent never work well past, certain work here.",0
visual effect awful.,0
cg open sequenc space look like could creat microsoft slideshow god sake!,0
"""explosion"" gas tank end awful.",0
"okay, like consid fair critic, i'll give credit credit due--th creatur effect actual pretti cool.",1
"gotta love close-up slimy, drool teeth!",1
"sum film up, ""breeders"" terrible, cheapli made horror movi avoid like ebola virus.",0
recommended.,0
"almost unbear watch screen, littl charisma, terribl comed timing.",0
"asid terribl lead, film load debits.",0
"understand suppos cheap popcorn comedy, mean complet insult intelligence, write incred hackney border offensive.",0
"lewi black consider talent wast too, incendiari unrestrained, pg-13 rate certain allow.",0
film sole bright spot jonah hill (who look almost unrecogniz fan recent superbad due amount weight lost interim).,1
"origin fresh first movi spent, remak littl els offer.",0
budget evid limited.,0
"reflect cast, also below-par script, borrow much earlier classic.",0
"however, decent acting, action locat work balanc thing up.",0
filmi less expansive.,0
fail convey broad sweep landscap great part original.,0
generally; lack imagination.,0
recommended.,0
possibl movi get wors this?,0
plot keep go first place.,0
"even women final show up, sign improvement; expect thing happen time film over, might far asleep.",0
"beware: trashi cult movie, trash -period!",0
can't believ there even sequel this!,0
precis give bad review!,0
"90 child, truli enjoy show proud say enjoy big time even classic wb cartoons.",1
"""tini toons"" kept 90 vibe deliv one popular, funny, underr cartoon ever created.",1
memori murki say enjoy everi singl episod product relat show.,1
"easily, none cartoon made laugh tender way (befor get dark sitcom orient teenagers).",1
charact funni peculiar true lead character.,1
everi singl charact hilari deserv call lead.,1
"everi element stori top, excess phoni contriv pain sit through.",0
"line seem written fifteen year old, though tri oh so, hard sound like fifteen year old would really, um, know, well... talk.",0
perabo nice energi level obvious comfort front camera.,1
simpli excus someth poor done.,0
saw movi thought stupid movie.,0
even stupid thought idea volcano los angeles?,0
"honest you, unbeliev nonsens foolish.",0
"conclusion, bother movi volcano los angel noth nonsense.",0
stori line awful!,0
painful!,0
accent absolut abysmal!,0
there also enough hypocrisi film make vomit.,0
wast time watch rubbish non-research film.,0
believ pitch black done well.,1
"charact interest want find longer movi goe on, think peopl surpris make it.",1
go watch it!,1
omit watch this.,0
funny!,1
rating: 3 10.,0
charact interest realli care them.,1
"instant classic, great soundtrack catchi song end credits.",1
miss it.,1
"master piec film-making, mani theme simmer occasion boil wart studi poet bohemian, self-indulg wartim year span aerial bombard london outward tranquil welsh coastal retreat - borderlin friendship, lust love, dedic art experi versus practic concerns, jealousy, rivalry, cowardic egot versus heroism self-sacrific more.",1
"mature, subtl script suggest occasion bring dramat focus under tension well serv perfect perform (apart odd inappropri smile keira knightley prone to, though perhap direct time charact often mention it).",1
"exquisit visual composit moment, invent eleg use close-up, camera angl lighting, includ pointillist faux home movi footage, wonder joy behold.",1
"continu beauti look bertolucci, relationship convinc narrat engag master work.",1
basic premis wast sinc sidelin inexplic focus documentari crew.,0
"regardless, film fail levels.",0
avoid costs.,0
"saw film christmas, great film was!",1
thought errol flynn brilliant custer sinc becom favourit actor!,1
act alongsid olivia de havilland brilliant end fantastic!,1
"alway known errol flynn brilliant actor dad favourit actor, grew watch film child.",1
watch film realis great actual was.,1
i'll give film 10 10!,1
"know jim o'connor energet nobodi could much him, georg well dull.",0
"realli seem want hosting; voice-ov monotonous, get involv guests.",0
"love littl thriller hitchcock, lot nice shenanigan surround murder spy, kidnap child, nasti church, foreign plot random taxidermists.",1
"jimmi stewart ever great hero hitchcock, stori rip along cool climax embassi function, lack brood menac hitchcock black white, low-budget original.",1
nevertheless yet anoth wonder film great master stable.,1
say film excel produc top rate typic sci fi film!,1
excel produc one sci-fi best produc scot vandiv !,1
"entertaining, nonetheless.",1
campi sort film that joy watch.,1
there bare bore moment film plenti humor parts.,1
cast alway entertain usual.,1
"overall, delight!",1
"movi mind-bend awful, even created.",0
film lack real scare tension & medic terminolog use throughout bit iffi say least & say insulin depend diabet myself.,0
least said act better.,0
movi excel job reveal complex task incred challeng face south africa.,1
believ everi one see movi think peopl outsid south africa understand past attempt truth reconcili process.,1
noth short magnific photography/cinematographi film.,1
"act fantastic, stori seamless woven together, dog splendid............. must rent, view, see.",1
afraid subtitles........ worth littl avers therapi 10/10,1
excel performance.,1
still good actor around!,1
also great direct photography.,1
"true shakespear, must shakespear fans.",1
"macbeth (jason connery) move tear final monolog (out brief candle, out)h gave sphere moral decay dark forc human face, make interesting.",1
"helen baxendal credibl ladi macbeth cheerful time sometim look like naughti girl, dead tast blood evil.",1
"love death decay, shakespear lyrics... one.",1
"witti delight adapt dr seuss book, brilliant anim upa finest thorough deserv academi award.",1
"special mention made superb music score sound effects, integr element help make memor enjoy cartoon.",1
"howev paul schrader inde made film ""about"" mishima superb & complex.",1
also notabl john bailey fine crisp beauti color cinematographi great product design & costum eiko ishioka went memor costum coppola dracula receiv well deserv oscar.,1
"even allow poor product valu time (1971) format (some kind mini-series), baaaaaad.",0
"unless visual ""collect"" extant film austen work, skip one.",0
"watch it, however, small consolations: actress play ann sister wonder job roles.",1
good.,0
"speak music, unbear predict kitchy.",0
film drop ball.,0
stun movie.,1
raw sublim moving.,1
"felt like gripping, intellig stage play (but without over theatric feel one actual get watch peopl stage) play everyon terror white lie escal monstrous consequences.",1
main player mesmerising.,1
tom wilkinson broke heart end... everyon els judg amount fumbl hanki hand go face among male femal alike.,1
julian fellow triumph again.,1
he nation treasure.,1
go see it!,1
excel film.,1
aerial scene well-done.,1
also right balanc war love.,1
"film give mean phrase, ""never histori human conflict much owe mani few.",1
kris kristoffersen good movi realli make difference.,1
good film great director!,1
definit one better documentari seen look famili relationship marriage.,1
"mani continu errors: one user comment differ car garage, joe glasses...th one got fact joe facial hair configur seem chang scene scene.",0
great movie.,1
10 10 stars.,1
can't see movi inspir anyon come overcom fear rejection.,0
bad actual worth see reason.,0
punish park brilliant piec cinema.,1
"shot southern california desert use patent faux documentari style, watkin creat film like other.",1
one peter watkin access films.,1
advis look it.,1
wont regret it!,1
high recommend a+,1
well... keep think bad is.,0
"mediocre, miserable, hollow, laughabl predict piec garbage.",0
case so bad laughable'.,0
") bad perform play angela bennett, comput expert home time.",0
"film nothing, pretext show ridicul action scenes.",0
aw is!,0
"still bad actress, repeat robot face move pictures.",0
"results, well, shame.",0
delet film mind!,0
one worst show time.,0
show would begin smart ass ed comment would total wall uncal for.,0
"fat comput geek unbelievable, bibl thumper, bad-ass girl, actors???",0
never heard except cole total unbeliev part.,0
"everi time open mouth expect hear, ""you see kids..."" pull plug merci kill horribl show.",0
stori unbeliev actors.,0
lame would best way describ it.,0
"stanwyck morgan perfect cast is, mani ways, modern equival dicken christma carol sensibility.",1
success film depend cast sydney greenstreet alexand yardley character.,1
attract set use throughout film eye-pleas gem.,1
"im big fan rpg game too, movie, disgrac self-respect rpger is.",0
"lines, cuts, audio, everyth wrong.",0
find better movi youtube.,0
"top line: wast time money one, bad comes.",0
"lassi movi ""put sleep"".... forever.",0
that i'd describ pain dreari time-wast film.,0
"mediocr everi aspect becom dull, uninterest mess, one forgett movi i'v seen.",0
"even achiev ""so-bad-it's-good"" ""so-bad-it's-memorable"" movie.",0
"empty, hollow shell movie.",0
"seriously, worth wast your, kid time on.",0
"avoid, avoid, avoid!",0
drive bark mad!,0
transfer good.,1
nice relax late night viewing.,1
movi full wonder danc (henc title!,1
") great music, terrif scenery.",1
"handl tough issu digniti grace, and, course, (shock spoiler here!",1
") happy, wonderful, feel good ending!",1
"point journey, journey touch everi member family.",1
one movi need see whenev come tv...never mind fact alreadi memorized!,1
noth new there.,0
done second movie.,0
movi almost action scene littl comedy.,0
plot hole pair fishnet stock direct edit astonish ham fisted.,0
earth iron film?,0
saw film recommend it.,1
"good plot, hold complet attention, act superb, tom wilkinson fantast emili watson also good.",1
"good film indeed, great uncondit love.",1
"tom wilkinson charact man prepar ordeal begin, take matter hand stori progresses, great actor give perform make feel charact anguish suffering.",1
"emili watson charact strong, give quick glanc understand everything.",1
"despit pan reviewers, like movie.",1
"fact, like better interview vampir like lestat (stuart townsend) better cruis attempt.",1
"aailiyah pretti good akasha, place compel (her first entranc mini danc scene).",1
"i'm big fan seri most due ann rice style, sensit treatments.",1
guess like detail dysfunction--h believable.,1
footbal scene end perplexing.,0
thought act skilled.,1
meredith better right.,1
charm film wonder sentiment heart.,1
rare film-mak take time tell worthi moral tale care love fall trap over syrupi indulgent.,1
nine ten truli love film.,1
earli film futur goremeist lucio fulci good addit giallo sub-genre.,1
one best italian thriller earli 70's.,1
standout scene.,1
scene strong unpleasant.,0
"technically, film well made impress camera-work, solid act effect music riz ortolani  particular good recur unaccompani femal vocal sound like come distant hill.",1
still wild stuff though high recommend fan giallo cinema.,1
movi interest begin end.,1
like way dustin hoffman charact readi everyth stay son.,1
movi also revealing.,1
"personally, think show peopl learn find compromis self without involv peopl issue.",1
boring.,0
"tire cliché lazi writing, come thick fast.",0
ps scene movi cool central charact find room blown up.,1
"fresh, subtle, rather sublim effect.",1
"italian review call ""a small, great film,"" that right.",1
"actor give wonder performance, especi jennif rubin jami harris, chang nervous starlet begin strang event part cool star.",1
"learn lot real insid emot peopl movie, lot movi busi itself.",1
"movi movi situat begin game play ""act coach"" fascinating.",1
also music mark snow possibl best score i'v ever heard.,1
forget movie!,1
film made?,0
film ultra-cheap look it.,0
result film look right.,0
none engag exciting.,0
plot nonsens interest slightest way uniqu it.,0
foreign worth one second time.,0
"saw child tv back 1973, ""the stranger"" love it.",1
duet astronaut doctor begin movi perfect exchang one consid movi made well cold war astronaut biggest fear crash ussr.,1
movi awesome!,1
"love it, realli scary.",1
love scream movi horror movi one rank way there.,1
want real scare rent one!,1
10/10,1
extraordinari film.,1
"courtroom drama, compelling, indict american justic system, frightening.",1
"film highlight fundament flaw legal process, discov guilt innocence, rather, present better court.",1
"film well paced, underst one best courtroom documentari i'v seen.",1
most routin fact-bas tv drama get boost fine perform cole.,1
"predictable, bad watch.",1
clear rang abil pull part.,1
carri movi well.,1
constantin give everyth right intens seem good understand under psycholog motivations.,1
"wonder inspir watch, hope get releas video dvd.",1
"piec trash ever releas beyond me: acting, story, characters, suppos special effects, etc...it wrong.",0
"fact, stinker smell like direct-to-video release.",0
avoid costs!,0
star trek v final frontier worst series.,0
"act involv includ like shatner nimoy bad wash make seem old look real life, special effect tacki like spock rescu kirk jet pack fall mountain.",0
attempt humor piti stori aw dosen't bear think basic involv vulcan steal enterpris find god (seriously) care film oh mention uhura belli danc distract male guards.,0
place good film garbage.,0
worst one series.,0
editing: edit film phenomen opinion.,1
"song could explain emot subject better, jay adam unfortun life subject talk, song old man neil young played, evok mani emotions.",1
cinematography: film shot interest way.,1
"cours footag 70s grainy, enhanc film.",1
film offer mani delight surprises.,1
"achill philippa beauti sing duet ""don giovanni"" perfect describ situat movie, appreci subtl layer excel film.",1
stori unfold 18th centuri jutland use period music play period instrument one fine touch.,1
share general loewenhielm exquisit joy partak caill en sarcophag even though watch movi - wish small sampl savor.,1
underst film leav last impression.,1
warmth generat contrast auster backdrop.,1
leav theater want go danc stars.,1
"acting, expect cast, top notch.",1
"charact flesh surpris well, particular grime blake, actor deliv sharpli script line right amount deadpan tongu cheek make dialogu hilari realistic.",1
"angus scrimm also turn good perform somewhat brief memor role gentl menacing, violin-play anatomist doctor quinn.",1
conclus - love it.,1
long time sinc entertain movie.,1
struggl find anyth bad say it.,1
"mark words, one cult film like evil dead 2 phantasm peopl still discov fall love 20, 30, 40 year line.",1
"pretti surpris wonder film made 1949, hollywood general collect head sand concern black white issu time.",1
"film deserv strong kudo take stand, except act most lesser-known cast super-intellig script insult audienc take easi way come white racism.",1
"plus, movi rather modest budget fast run time, amaz job!",1
juano hernandez (an except actor play support role mani film era) proud black man accus murder white man south.,1
trumbul love lucy).,1
see kid chance--it open amaz dialog far race relat come last 50 years.,1
see film can.,1
"year, however, remind us huston still top game evinc faith adapt jame joyc acclaim novella ""the dead.",1
"feelings, thoughts...gabriel discomfort dance...al intang leap life come within viewer grasp huston portrayal.",1
disappoint wonder could oscar shortlist.,0
slow.,0
lot hole plot: there noth becam emperor; noth spend 20 year childhood matur age.,0
) wast time.,0
end day one worst big-budget action movi i'v ever seen.,0
sure know make coher action movi screenwrit air forc one oblig write script big sum money.,0
one worst film ever seen.,0
i'm still tri get bad was.,0
movi possibl one creativ work horror ever.,1
"everyth could want... suspense, drama, comedy, confus subplots, nativ americans, brain eating... look be-all, end-al brainsuck movies, look further.",1
"great sound effects, impress special effects, can't recommend movi enough. 1 call nut, think one best movi ever. 1 great charact actor telli savala peter boyle. 1 1 hour 54 minut sheer tedium, melodrama horribl acting, mess script, sink feel good lord, thinking? 0 lot hole script. 0 like bad two hour tv movie. 0 imagin everi singl one decis made wrong. 0 dialogu atrocious. 0 act beyond abysmal. 0 everyth stinks. 0 troubl is, write direct make imposs establish thing make movi watchable, like character, story, theme on. 0 worse, there incred weak sub-plot thrown follow littl band latter-day mansonit go report who work stori anniversari killings. 0 dumb pointless, complet wast time. 0 short, bother movie. 0 spoil it, end pretti amazing. 1 best scene movi end, spoil it. 1 ever indic writer director abil meld two high volatil tempera seamless union creativity, it! 1 result powerhous achievement, made time perhap cultur disturb fascin celebrity, distort interpret fame. 1 film easili forgotten. 1 but, kevin spacey excellent, verbal tsunami buddi ackerman  total believ great actor. 1 script subtl comedi unmatch movi recent years. 1 charact interesting, even bit predictable. 1 high recommend ages, although younger set probabl appreci subtl references, certain appreci one galley scene particular! 1 great movie! 1 also stori act weak. 0 around 4 pm bought it, around 8pm start watch, around 8.15pm fast forward remain film see anyth left watchabl human brain... wasn't. 0 either way, sucks. 0 script horrend stupid. 0 stori start fast absolut suspens build-up slightest. 0 everyth captain howdi say either laughabl plain stupid. 0 hell kind crap that?! 0 then, there plot holes. 0 could drive semi truck holes! 0 linda cardellini thing good film. 1 pois amazing. 1 dee snider plain sucks. 0 can't act (one least scari villain ever seen), can't write (did write damn movi sleep? 0 bore throughout whole damn thing. 0 act sucks, music sucks, script sucks, pace sucks, special fx suck, direct sucks... basically, movi sucks. 0 film tri serious sophist thriller/horror flick fail miserably. 0 probabl one least effect utter unorigin film ever seen entir life. 0 piec cinemat garbag captur celluloid. 0 avoid costs. 0 rate film stinks, funny, fulci stay giallo supernatur zombi movies. 0 avoid film costs. 0 know happen season five, mess. 0 consist thread hold seri togeth amaz perform leni parker anita laselva two taelon quiet idealog conflict. 0 movi realli dislike. 0 one bore horror movi 90 main start slow center bore atmosphere. 0 puppet look realli cheesi , good way like puppet master 80 flicks. 0 stori lame, interest never realli explain sinist origin puppets. 0 death scene like previous movi f/x terrible. 0 felt asleep first time watch it, recommend insomniacs. 0 fact is, film wonderful, heartwarm tale two peopl chase dreams. 1 best part nurs betty"" unpredictability.",1
"director neil labut use brutal violenc seper dream reality, along touch drama, hilari comedy, never tell go happen next.",1
"otherwise, even wast time this.",0
one fail creat real suspense.,0
"killer, expect anyth origin even remot frightening.",0
"is, however, pretti good act (at least, type film).",1
i'm sorri realli can't recommend anyone.,0
"one boring,pointless movi ever seen.",0
secondari plot line incomprehens relat primari plot line mystifying.,0
hate it.,0
one worst sandra bullock movi sinc speed 2 quit bad.,0
"understand garbag got shelv movi store, even real movie!",0
high doubt anyon could ever like trash.,0
movie-making.,0
"act like watch wooden puppet move around read book, that bad is.",0
"warn you--do rent movie, dumbest thing never seen!",0
saw short film hbo day absolut love it.,1
realiz wonder short realli last two scenes.,1
excel short film.,1
"hopefully, director jame cox turn short featur length film cast, win us whole new film.",1
"agre jessica, movi pretti bad.",0
"charact one-dimensional, even good guy especi bad guys.",0
stori line total predictable.,0
"much dialogue, much music, whole film shot elabor aesthet like sculpture.",1
i'v seen soap opera intellig movie.,0
"bad characters, bad stori bad acting.",0
realli awful.,0
easi watch.,0
"funny, clever, hip - like pray previous film, hype!",1
long time see charismat actor screen.,1
paolo sorrentino written wonder stori loneli toni built one unforgett charact seen movi recent years.,1
movi complet perfect titta di girolamo stay long time vision movie.,1
rate movi 9/10.,1
"know emilio estevez directori debut, pacing, interplay develop charact well clever camera work surround charact estevez play suggest natur eye.",1
interplay martin emilio contain wonder chemistri saw wall street martin charlie.,1
"kathi bate wonder charact subtl desper escapism; variat charact ""at play field lord"".",1
reader alreadi seen one miyazaki films: still top form made anoth worthwhil experience.,1
"never condescends, charact good genuin heart believ problems.",1
two main charact may two believ children ever saw put screen.,1
"easi love, even easi identifi with.",1
movi great--especi enjoy visual arts.,1
sceneri two daughter paint photograph beautiful.,1
stori also funni poignant times.,1
"peopl like european film ""art movies"" like movie.",1
truli art movie--it actual lot art it.,1
go rent it.,1
"however, final watch film, realiz close mind brillianc depicts, also found watch again.",1
"one movi never ceas interest me, simpli keep alert, tri attempt deciph meanings.",1
brillianc indeed.,1
"like movi like matrix (and better yet, sequels) think appreci thought provoking, mindblow experi film give you.",1
think film like dream.,1
simpli beautiful.,1
rickman stow play role hilt tale children book writer who-- maybe?-- written subvers tract.,1
"glorious fun, fast pace fair accur portray night raver.",1
present idyl yet serious portray up down charact lives.,1
"whatev do, avoid ""groove"" antithesi good human traffic.",0
"bad everyon els involv share crow level dedic quality, did, we'd far better film hand sub-par mess.",0
movi seem littl slow first.,0
pick speed got right point.,1
"show exact govern scientist argu human reason ""gadget"".",1
enjoy it.,1
recommend friends.,1
particular pleas act abil dwight schultz.,1
"actor truli understand becom particular character, deliv convincing, sincer performance.",1
"on-screen chemistry, critic entir film, genuine.",1
"film dialogu natural, real life.",1
"writer, gorman bechard, undoubt homework refer industri character-ag appropriate.",1
incred soundtrack truli captur essenc film.,1
"track command sentiment, actual contribut scene characters.",1
definit worth see sort thought provok film forc question threshold loneliness.,1
"hayao miyazaki latest eighth film studio ghibili, ""gake ue ponyo"" (ponyo cliff sea) wonder fun imagin look childhood.",1
"time seem film anim domin disney/pixar cgi masterpieces, refresh comfort know miyazaki still reli tradit hand-drawn anim tell charm enchant stories.",1
enough said remark anim film.,1
art style appear crayon/pencil draw wonder color fanciful.,1
"act film, glad gonna drift away earth far possible!",0
"one want surf small wave space movi 1998 (deep impact armageddon), one fail everywhere.",0
choke vomit end (bi cheap drama worthless dialogue) must bore death wast time.,0
"still, make super end depict great sea vessel taken mighti frost.",1
"consid excel story, solid act look film ad bonuses.",1
"instead, got bore fest whiny, spoil brat babysitting.",0
"watch two sunday ago (march 20th, 2005) began realli enjoy time tape entir thing.",1
well act done tv movie.,1
judith light one favorit actress think superb job film!,1
keep watch over.,1
"sad movie, good.",1
"seen movie, definit recommend it!",1
"love usual, cutie!",1
still quit interest entertain follow.,1
;) recommend confidence!,1
movi well-balanc comedi drama thorough enjoy myself.,1
riot see hugo weav play sex-obsess gay real estat salesman use client hous tryst flame darren (tom hollander).,1
":) anyway, plot flow smooth male-bond scene hoot.",1
"open sequenc gem classic, cat n mous game follow delight watch.",1
fan genr heaven.,1
lang becom great actress.,1
look like wonder story.,1
never walk movi faster.,0
got bore watch jessic lang take cloth off!,0
"unfortunately, virtu film product work lost regrett script.",0
"word, embarrassing.",0
except bad!,0
insult one intellig huge wast money.,0
